priority,severity,surface,risk_type,user_risk,recommendation,evidence,effort
1,high,Landing page hero,Message gap,Headline says smarter travel planning but does not name the output,Rewrite Landing page hero around the concrete output the user gets first.,Three test readers described the app as a generic travel blog.,small
2,high,Landing page hero,Proof gap,No example itinerary appears above the fold,Add one realistic example directly on Landing page hero before asking for signup.,Three test readers described the app as a generic travel blog.,small
3,high,Trip preference form,Trust gap,No privacy note explains what happens to travel preferences,"Make verification visible on Trip preference form: source links, privacy note, or date checks.",Prototype testers paused at the budget field and asked what data was saved.,medium
4,high,Generated itinerary screen,Trust gap,Restaurants and activities have no source links,"Make verification visible on Generated itinerary screen: source links, privacy note, or date checks.",Testers liked the plan but asked how to verify hours and swap activities.,medium
5,high,Generated itinerary screen,Trust gap,No warning when an activity may be closed on selected dates,"Make verification visible on Generated itinerary screen: source links, privacy note, or date checks.",Testers liked the plan but asked how to verify hours and swap activities.,medium
6,medium,Landing page hero,Focus gap,Primary action and secondary action compete visually,Choose one primary action on Landing page hero and make the other action visually secondary.,Three test readers described the app as a generic travel blog.,small
7,medium,Trip preference form,Decision gap,Budget options are vague,Replace vague choices on Trip preference form with concrete examples or ranges.,Prototype testers paused at the budget field and asked what data was saved.,small
8,medium,Trip preference form,Effort gap,Form asks for twelve fields before showing an example,Reduce required inputs on Trip preference form or show a preview before the long form.,Prototype testers paused at the budget field and asked what data was saved.,medium
9,medium,Generated itinerary screen,Control gap,Edit controls are hidden below the generated plan,Move edit controls higher on Generated itinerary screen so users know the generated output is adjustable.,Testers liked the plan but asked how to verify hours and swap activities.,medium
